<?xml version="1.0" encoding="UTF-8"?>
<GenRun Id="synth_1" LaunchPart="xc7a35ticpg236-1L" LaunchTime="1662805844">
  <File Type="PA-TCL" Name="processor.tcl"/>
  <File Type="RDS-PROPCONSTRS" Name="processor_drc_synth.rpt"/>
  <File Type="REPORTS-TCL" Name="processor_reports.tcl"/>
  <File Type="RDS-RDS" Name="processor.vds"/>
  <File Type="RDS-UTIL" Name="processor_utilization_synth.rpt"/>
  <File Type="RDS-UTIL-PB" Name="processor_utilization_synth.pb"/>
  <File Type="RDS-DCP" Name="processor.dcp"/>
  <File Type="VDS-TIMINGSUMMARY" Name="processor_timing_summary_synth.rpt"/>
  <File Type="VDS-TIMING-PB" Name="processor_timing_summary_synth.pb"/>
  <FileSet Name="sources" Type="DesignSrcs" RelSrcDir="$PSRCDIR/sources_1">
    <Filter Type="Srcs"/>
    <File Path="$PSRCDIR/sources_1/imports/new/processor.v">
      <FileInfo>
        <Attr Name="ImportPath" Val="$PPRDIR/../../../Projects/processor/processor.srcs/sources_1/new/processor.v"/>
        <Attr Name="ImportTime" Val="1659978476"/>
        <Attr Name="UsedIn" Val="synthesis"/>
        <Attr Name="UsedIn" Val="implementation"/>
        <Attr Name="UsedIn" Val="simulation"/>
      </FileInfo>
    </File>
    <File Path="$PSRCDIR/component.xml">
      <FileInfo SFType="IPXACT"/>
    </File>
    <Config>
      <Option Name="DesignMode" Val="RTL"/>
      <Option Name="TopModule" Val="processor"/>
      <Option Name="TopAutoSet" Val="TRUE"/>
    </Config>
  </FileSet>
  <FileSet Name="constrs_in" Type="Constrs" RelSrcDir="$PSRCDIR/constrs_1">
    <Filter Type="Constrs"/>
    <File Path="$PSRCDIR/constrs_1/imports/new/processorcon.xdc">
      <FileInfo>
        <Attr Name="ImportPath" Val="$PPRDIR/../../../Projects/processor/processor.srcs/constrs_1/new/processorcon.xdc"/>
        <Attr Name="ImportTime" Val="1659979416"/>
        <Attr Name="UsedIn" Val="synthesis"/>
        <Attr Name="UsedIn" Val="implementation"/>
      </FileInfo>
    </File>
    <Config>
      <Option Name="TargetConstrsFile" Val="$PSRCDIR/constrs_1/imports/new/processorcon.xdc"/>
      <Option Name="ConstrsType" Val="XDC"/>
    </Config>
  </FileSet>
  <FileSet Name="utils" Type="Utils" RelSrcDir="$PSRCDIR/utils_1">
    <Filter Type="Utils"/>
    <Config>
      <Option Name="TopAutoSet" Val="TRUE"/>
    </Config>
  </FileSet>
  <Strategy Version="1" Minor="2">
    <StratHandle Name="Vivado Synthesis Defaults" Flow="Vivado Synthesis 2019"/>
    <Step Id="synth_design"/>
  </Strategy>
</GenRun>
