<?xml version="1.0" encoding="UTF-8"?>
<GenRun Id="impl_1" LaunchPart="xc7a35ticpg236-1L" LaunchTime="1662805844">
  <File Type="BITSTR-BMM" Name="processor_bd.bmm"/>
  <File Type="OPT-METHODOLOGY-DRC" Name="processor_methodology_drc_opted.rpt"/>
  <File Type="INIT-TIMING" Name="processor_timing_summary_init.rpt"/>
  <File Type="ROUTE-PWR" Name="processor_power_routed.rpt"/>
  <File Type="PA-TCL" Name="processor.tcl"/>
  <File Type="OPT-TIMING" Name="processor_timing_summary_opted.rpt"/>
  <File Type="OPT-DCP" Name="processor_opt.dcp"/>
  <File Type="ROUTE-PWR-SUM" Name="processor_power_summary_routed.pb"/>
  <File Type="REPORTS-TCL" Name="processor_reports.tcl"/>
  <File Type="OPT-DRC" Name="processor_drc_opted.rpt"/>
  <File Type="OPT-HWDEF" Name="processor.hwdef"/>
  <File Type="PWROPT-DCP" Name="processor_pwropt.dcp"/>
  <File Type="PWROPT-DRC" Name="processor_drc_pwropted.rpt"/>
  <File Type="PWROPT-TIMING" Name="processor_timing_summary_pwropted.rpt"/>
  <File Type="PLACE-DCP" Name="processor_placed.dcp"/>
  <File Type="PLACE-IO" Name="processor_io_placed.rpt"/>
  <File Type="PLACE-CLK" Name="processor_clock_utilization_placed.rpt"/>
  <File Type="PLACE-UTIL" Name="processor_utilization_placed.rpt"/>
  <File Type="PLACE-UTIL-PB" Name="processor_utilization_placed.pb"/>
  <File Type="PLACE-CTRL" Name="processor_control_sets_placed.rpt"/>
  <File Type="PLACE-SIMILARITY" Name="processor_incremental_reuse_placed.rpt"/>
  <File Type="PLACE-PRE-SIMILARITY" Name="processor_incremental_reuse_pre_placed.rpt"/>
  <File Type="BG-BGN" Name="processor.bgn"/>
  <File Type="PLACE-TIMING" Name="processor_timing_summary_placed.rpt"/>
  <File Type="POSTPLACE-PWROPT-DCP" Name="processor_postplace_pwropt.dcp"/>
  <File Type="BG-BIN" Name="processor.bin"/>
  <File Type="POSTPLACE-PWROPT-TIMING" Name="processor_timing_summary_postplace_pwropted.rpt"/>
  <File Type="PHYSOPT-DCP" Name="processor_physopt.dcp"/>
  <File Type="PHYSOPT-DRC" Name="processor_drc_physopted.rpt"/>
  <File Type="BITSTR-MSK" Name="processor.msk"/>
  <File Type="PHYSOPT-TIMING" Name="processor_timing_summary_physopted.rpt"/>
  <File Type="ROUTE-ERROR-DCP" Name="processor_routed_error.dcp"/>
  <File Type="ROUTE-DCP" Name="processor_routed.dcp"/>
  <File Type="ROUTE-BLACKBOX-DCP" Name="processor_routed_bb.dcp"/>
  <File Type="ROUTE-DRC" Name="processor_drc_routed.rpt"/>
  <File Type="ROUTE-DRC-PB" Name="processor_drc_routed.pb"/>
  <File Type="BITSTR-LTX" Name="debug_nets.ltx"/>
  <File Type="BITSTR-LTX" Name="processor.ltx"/>
  <File Type="ROUTE-DRC-RPX" Name="processor_drc_routed.rpx"/>
  <File Type="BITSTR-MMI" Name="processor.mmi"/>
  <File Type="ROUTE-METHODOLOGY-DRC" Name="processor_methodology_drc_routed.rpt"/>
  <File Type="ROUTE-METHODOLOGY-DRC-RPX" Name="processor_methodology_drc_routed.rpx"/>
  <File Type="BITSTR-SYSDEF" Name="processor.sysdef"/>
  <File Type="ROUTE-METHODOLOGY-DRC-PB" Name="processor_methodology_drc_routed.pb"/>
  <File Type="ROUTE-PWR-RPX" Name="processor_power_routed.rpx"/>
  <File Type="ROUTE-STATUS" Name="processor_route_status.rpt"/>
  <File Type="ROUTE-STATUS-PB" Name="processor_route_status.pb"/>
  <File Type="ROUTE-TIMINGSUMMARY" Name="processor_timing_summary_routed.rpt"/>
  <File Type="ROUTE-TIMING-PB" Name="processor_timing_summary_routed.pb"/>
  <File Type="ROUTE-TIMING-RPX" Name="processor_timing_summary_routed.rpx"/>
  <File Type="ROUTE-SIMILARITY" Name="processor_incremental_reuse_routed.rpt"/>
  <File Type="ROUTE-CLK" Name="processor_clock_utilization_routed.rpt"/>
  <File Type="ROUTE-BUS-SKEW" Name="processor_bus_skew_routed.rpt"/>
  <File Type="ROUTE-BUS-SKEW-PB" Name="processor_bus_skew_routed.pb"/>
  <File Type="ROUTE-BUS-SKEW-RPX" Name="processor_bus_skew_routed.rpx"/>
  <File Type="POSTROUTE-PHYSOPT-DCP" Name="processor_postroute_physopt.dcp"/>
  <File Type="POSTROUTE-PHYSOPT-BLACKBOX-DCP" Name="processor_postroute_physopt_bb.dcp"/>
  <File Type="POSTROUTE-PHYSOPT-TIMING" Name="processor_timing_summary_postroute_physopted.rpt"/>
  <File Type="POSTROUTE-PHYSOPT-TIMING-PB" Name="processor_timing_summary_postroute_physopted.pb"/>
  <File Type="POSTROUTE-PHYSOPT-TIMING-RPX" Name="processor_timing_summary_postroute_physopted.rpx"/>
  <File Type="POSTROUTE-PHYSOPT-BUS-SKEW" Name="processor_bus_skew_postroute_physopted.rpt"/>
  <File Type="POSTROUTE-PHYSOPT-BUS-SKEW-PB" Name="processor_bus_skew_postroute_physopted.pb"/>
  <File Type="BG-BIT" Name="processor.bit"/>
  <File Type="POSTROUTE-PHYSOPT-BUS-SKEW-RPX" Name="processor_bus_skew_postroute_physopted.rpx"/>
  <File Type="BITSTR-RBT" Name="processor.rbt"/>
  <File Type="BITSTR-NKY" Name="processor.nky"/>
  <File Type="BG-DRC" Name="processor.drc"/>
  <File Type="RDI-RDI" Name="processor.vdi"/>
  <File Type="WBT-USG" Name="usage_statistics_webtalk.html"/>
  <FileSet Name="sources" Type="DesignSrcs" RelSrcDir="$PSRCDIR/sources_1">
    <Filter Type="Srcs"/>
    <File Path="$PSRCDIR/sources_1/imports/new/processor.v">
      <FileInfo>
        <Attr Name="ImportPath" Val="$PPRDIR/../../../Projects/processor/processor.srcs/sources_1/new/processor.v"/>
        <Attr Name="ImportTime" Val="1659978476"/>
        <Attr Name="UsedIn" Val="synthesis"/>
        <Attr Name="UsedIn" Val="implementation"/>
        <Attr Name="UsedIn" Val="simulation"/>
      </FileInfo>
    </File>
    <File Path="$PSRCDIR/component.xml">
      <FileInfo SFType="IPXACT"/>
    </File>
    <Config>
      <Option Name="DesignMode" Val="RTL"/>
      <Option Name="TopModule" Val="processor"/>
      <Option Name="TopAutoSet" Val="TRUE"/>
    </Config>
  </FileSet>
  <FileSet Name="constrs_in" Type="Constrs" RelSrcDir="$PSRCDIR/constrs_1">
    <Filter Type="Constrs"/>
    <File Path="$PSRCDIR/constrs_1/imports/new/processorcon.xdc">
      <FileInfo>
        <Attr Name="ImportPath" Val="$PPRDIR/../../../Projects/processor/processor.srcs/constrs_1/new/processorcon.xdc"/>
        <Attr Name="ImportTime" Val="1659979416"/>
        <Attr Name="UsedIn" Val="synthesis"/>
        <Attr Name="UsedIn" Val="implementation"/>
      </FileInfo>
    </File>
    <Config>
      <Option Name="TargetConstrsFile" Val="$PSRCDIR/constrs_1/imports/new/processorcon.xdc"/>
      <Option Name="ConstrsType" Val="XDC"/>
    </Config>
  </FileSet>
  <FileSet Name="utils" Type="Utils" RelSrcDir="$PSRCDIR/utils_1">
    <Filter Type="Utils"/>
    <Config>
      <Option Name="TopAutoSet" Val="TRUE"/>
    </Config>
  </FileSet>
  <Strategy Version="1" Minor="2">
    <StratHandle Name="Vivado Implementation Defaults" Flow="Vivado Implementation 2019"/>
    <Step Id="init_design"/>
    <Step Id="opt_design"/>
    <Step Id="power_opt_design"/>
    <Step Id="place_design"/>
    <Step Id="post_place_power_opt_design"/>
    <Step Id="phys_opt_design"/>
    <Step Id="route_design"/>
    <Step Id="post_route_phys_opt_design"/>
    <Step Id="write_bitstream"/>
  </Strategy>
</GenRun>
